<employees>
    <employee>
        <name>Ram</name>
        <age>30</age>
        <designation>Software Engineer</designation>
    </employee>
    <employee>
        <name>Rahim</name>
        <age>40</age>
        <designation>Senior Developer</designation>
    </employee>
    <employee>
        <name>Robert</name>
        <age>35</age>
        <designation>Project Manager</designation>
        <address>
            <doorNo>20</doorNo>
            <street>Gandhi Road</street>
            <town>Chennai</town>
            <state>Tamil Nadu</state>
        </address>
    </employee>
    <employee>
        <name>Priya</name>
        <age>27</age>
        <designation>Developer</designation>
        <Address>
            <city>Texas</city>
            <country>United Sates</country>
        </Address>
    </employee>
</employees>
